diagnosis	n_subjects	mean_age	std_age	min_age	max_age	sexF	sexM	mean_MMSE	std_MMSE	min_MMSE	max_MMSE	CDR_0	CDR_0.5	CDR_1	CDR_2	CDR_3	mean_scans	std_scans	n_scans
AD	390.0	74.87948717948719	7.796957969821881	55.1	90.9	172.0	218.0	23.133333333333333	2.1406125810669763	17.0	29.0	0.0	185.0	202.0	3.0	0.0	3.056410256410256	1.2797826081008328	1192.0
CN	595.0	72.53097643097644	6.352995798223001	55.1	90.3	343.0	252.0	29.12268907563025	1.0877806389397113	24.0	30.0	594.0	1.0	0.0	0.0	0.0	3.880672268907563	3.0756642327185624	2309.0
