group	n_subjects	mean_age	std_age	min_age	max_age	sexF	sexM	mean_MMSE	std_MMSE	min_MMSE	max_MMSE	CDR_0	CDR_0.5	CDR_1	CDR_2	CDR_3	mean_scans	std_scans	n_scans
AD	24.0	75.125	7.321842322803735	62.0	88.0	16.0	8.0	25.458333333333332	3.7636326276026937	15.0	30.0	0.0	16.0	8.0	0.0	0.0	1.0	0.0	24.0
CN	76.0	41.026315789473685	22.866301155452668	18.0	90.0	51.0	25.0	29.322580645161292	1.0891576139441377	25.0	30.0	31.0	0.0	0.0	0.0	0.0	1.0	0.0	76.0
