group	n_subjects	mean_age	std_age	min_age	max_age	sexF	sexM	mean_MMSE	std_MMSE	min_MMSE	max_MMSE	CDR_0	CDR_0.5	CDR_1	CDR_2	CDR_3	mean_scans	std_scans	n_scans
CN	15.0	77.02666666666667	8.018018597023968	64.9	93.6	11.0	4.0	28.928571428571427	0.8835226340609273	28.0	30.0	6.0	0.0	0.0	0.0	0.0	1.7333333333333334	0.4422166387140533	26.0
Dementia	9.0	72.28888888888889	8.091757733019234	60.7	84.9	4.0	5.0	22.22222222222222	1.872477727372524	20.0	25.0	0.0	3.0	0.0	0.0	0.0	1.6666666666666667	1.0540925533894596	15.0
MCI	26.0	72.99230769230769	7.210351697222067	61.2	86.8	16.0	10.0	28.115384615384617	1.310517310569294	25.0	30.0	0.0	5.0	0.0	0.0	0.0	2.1538461538461537	1.8541493527990693	56.0
